---- sec_group
--create table sec_group
--(
--	id int auto_increment primary key,
--	type varchar(255) null
--);
--create index type_idx on sec_group (type);
--
--
---- sec_role
--create table sec_role
--(
--	id int auto_increment primary key,
--	name varchar(255) null
--);
--create index name_idx on sec_role (name);
---- data for sec_role
--insert into sec_role (id, name) VALUES (1, 'manager');
--insert into sec_role (id, name) VALUES (2, 'scorer');
--insert into sec_role (id, name) VALUES (3, 'spectator');
--insert into sec_role (id, name) VALUES (4, 'player');
--insert into sec_role (id, name) VALUES (5, 'competition_organiser');
--insert into sec_role (id, name) VALUES (6, 'club_official');
--insert into sec_role (id, name) VALUES (7, 'umpire_official');
--insert into sec_role (id, name) VALUES (8, 'coaching_official');
--insert into sec_role (id, name) VALUES (9, 'coach');
--insert into sec_role (id, name) VALUES (10, 'parent_ro');
--insert into sec_role (id, name) VALUES (11, 'parent_rw');
--insert into sec_role (id, name) VALUES (12, 'first_aid');
--insert into sec_role (id, name) VALUES (13, 'statistics_scorer');
--
--
---- sec_function
--create table sec_function
--(
--	id int auto_increment primary key,
--	name varchar(255) null
--);
--create index name_idx on sec_function (name);
---- data for sec_function
--insert into sec_function (id, name) VALUES (1, 'homepage_view_games');
--insert into sec_function (id, name) VALUES (2, 'homepage_view_livescores');
--insert into sec_function (id, name) VALUES (3, 'create_news');
--insert into sec_function (id, name) VALUES (4, 'assign_scorer');
--insert into sec_function (id, name) VALUES (5, 'view_schedule');
--insert into sec_function (id, name) VALUES (6, 'messages');
--insert into sec_function (id, name) VALUES (7, 'your_team');
--insert into sec_function (id, name) VALUES (8, 'view_feedback');
--insert into sec_function (id, name) VALUES (9, 'view_ladders');
--insert into sec_function (id, name) VALUES (10, 'view_events');
--insert into sec_function (id, name) VALUES (11, 'more_livescores');
--insert into sec_function (id, name) VALUES (12, 'best_and_fairest');
--insert into sec_function (id, name) VALUES (13, 'player_rotations');
--insert into sec_function (id, name) VALUES (14, 'score');
--insert into sec_function (id, name) VALUES (15, 'score_statistics');
--insert into sec_function (id, name) VALUES (16, 'read_news');
--insert into sec_function (id, name) VALUES (17, 'assign_umpire');
--insert into sec_function (id, name) VALUES (18, 'mark_attendance');
--
---- sec_group_role
--create table sec_group_role
--(
--	id int auto_increment primary key,
--	groupId int not null,
--	roleId int not null,
--	userId int not null
--);
--create index groupId_roleId_idx on sec_group_role (groupId, roleId);
--create index groupId_userId_idx on sec_group_role (groupId, userId);
--create index roleId_userId_idx on sec_group_role (roleId, userId);
--alter table sec_group_role add constraint gid_rid_uid_const unique (groupId, roleId, userId);
--
---- sec_function_role
--create table sec_function_role
--(
--	id int auto_increment primary key,
--	roleId int not null,
--	functionId int not null
--);
--create index roleId_idx on sec_function_role (roleId);
--create index functionId_idx on sec_function_role (functionId);
--create index roleId_functionId_idx on sec_function_role (roleId, functionId);
--alter table sec_function_role add constraint rid_fid_const unique (roleId, functionId);
---- data for sec_function_role
---- Manager
--insert into sec_function_role (id, roleId, functionId) VALUES (1, 1, 1);
--insert into sec_function_role (id, roleId, functionId) VALUES (2, 1, 3);
--insert into sec_function_role (id, roleId, functionId) VALUES (3, 1, 4);
--insert into sec_function_role (id, roleId, functionId) VALUES (4, 1, 5);
--insert into sec_function_role (id, roleId, functionId) VALUES (5, 1, 6);
--insert into sec_function_role (id, roleId, functionId) VALUES (6, 1, 7);
--insert into sec_function_role (id, roleId, functionId) VALUES (7, 1, 9);
--insert into sec_function_role (id, roleId, functionId) VALUES (8, 1, 11);
--insert into sec_function_role (id, roleId, functionId) VALUES (9, 1, 16);
--insert into sec_function_role (id, roleId, functionId) VALUES (10, 1, 17);
--insert into sec_function_role (id, roleId, functionId) VALUES (11, 1, 18);
---- scorer
--insert into sec_function_role (id, roleId, functionId) VALUES (12, 2, 1);
--insert into sec_function_role (id, roleId, functionId) VALUES (13, 2, 2);
--insert into sec_function_role (id, roleId, functionId) VALUES (14, 2, 5);
--insert into sec_function_role (id, roleId, functionId) VALUES (15, 2, 14);
--insert into sec_function_role (id, roleId, functionId) VALUES (16, 2, 16);
--insert into sec_function_role (id, roleId, functionId) VALUES (17, 2, 17);
--insert into sec_function_role (id, roleId, functionId) VALUES (18, 2, 18);
---- spectator
--insert into sec_function_role (id, roleId, functionId) VALUES (19, 3, 2);
--insert into sec_function_role (id, roleId, functionId) VALUES (20, 3, 5);
--insert into sec_function_role (id, roleId, functionId) VALUES (21, 3, 6);
--insert into sec_function_role (id, roleId, functionId) VALUES (22, 3, 16);
---- player
--insert into sec_function_role (id, roleId, functionId) VALUES (23, 4, 1);
--insert into sec_function_role (id, roleId, functionId) VALUES (24, 4, 3);
--insert into sec_function_role (id, roleId, functionId) VALUES (25, 4, 5);
--insert into sec_function_role (id, roleId, functionId) VALUES (26, 4, 6);
--insert into sec_function_role (id, roleId, functionId) VALUES (27, 4, 16);
---- competition_organiser
--insert into sec_function_role (id, roleId, functionId) VALUES (28, 5, 1);
--insert into sec_function_role (id, roleId, functionId) VALUES (29, 5, 3);
--insert into sec_function_role (id, roleId, functionId) VALUES (30, 5, 4);
--insert into sec_function_role (id, roleId, functionId) VALUES (31, 5, 5);
--insert into sec_function_role (id, roleId, functionId) VALUES (32, 5, 6);
--insert into sec_function_role (id, roleId, functionId) VALUES (33, 5, 7);
--insert into sec_function_role (id, roleId, functionId) VALUES (34, 5, 8);
--insert into sec_function_role (id, roleId, functionId) VALUES (35, 5, 9);
--insert into sec_function_role (id, roleId, functionId) VALUES (36, 5, 10);
--insert into sec_function_role (id, roleId, functionId) VALUES (37, 5, 11);
--insert into sec_function_role (id, roleId, functionId) VALUES (38, 5, 16);
---- club_official
--insert into sec_function_role (id, roleId, functionId) VALUES (39, 6, 1);
--insert into sec_function_role (id, roleId, functionId) VALUES (40, 6, 3);
--insert into sec_function_role (id, roleId, functionId) VALUES (41, 6, 5);
--insert into sec_function_role (id, roleId, functionId) VALUES (42, 6, 6);
--insert into sec_function_role (id, roleId, functionId) VALUES (43, 6, 7);
--insert into sec_function_role (id, roleId, functionId) VALUES (44, 6, 8);
--insert into sec_function_role (id, roleId, functionId) VALUES (45, 6, 9);
--insert into sec_function_role (id, roleId, functionId) VALUES (46, 6, 10);
--insert into sec_function_role (id, roleId, functionId) VALUES (47, 6, 11);
--insert into sec_function_role (id, roleId, functionId) VALUES (48, 6, 12);
--insert into sec_function_role (id, roleId, functionId) VALUES (49, 6, 13);
--insert into sec_function_role (id, roleId, functionId) VALUES (50, 6, 16);
---- umpire_official
--insert into sec_function_role (id, roleId, functionId) VALUES (51, 7, 1);
--insert into sec_function_role (id, roleId, functionId) VALUES (52, 7, 5);
--insert into sec_function_role (id, roleId, functionId) VALUES (53, 7, 6);
--insert into sec_function_role (id, roleId, functionId) VALUES (54, 7, 7);
--insert into sec_function_role (id, roleId, functionId) VALUES (55, 7, 16);
---- coaching_official
--insert into sec_function_role (id, roleId, functionId) VALUES (56, 8, 1);
--insert into sec_function_role (id, roleId, functionId) VALUES (57, 8, 3);
--insert into sec_function_role (id, roleId, functionId) VALUES (58, 8, 5);
--insert into sec_function_role (id, roleId, functionId) VALUES (59, 8, 6);
--insert into sec_function_role (id, roleId, functionId) VALUES (60, 8, 16);
---- coach
--insert into sec_function_role (id, roleId, functionId) VALUES (61, 9, 1);
--insert into sec_function_role (id, roleId, functionId) VALUES (62, 9, 3);
--insert into sec_function_role (id, roleId, functionId) VALUES (63, 9, 5);
--insert into sec_function_role (id, roleId, functionId) VALUES (64, 9, 6);
--insert into sec_function_role (id, roleId, functionId) VALUES (65, 9, 7);
--insert into sec_function_role (id, roleId, functionId) VALUES (66, 9, 8);
--insert into sec_function_role (id, roleId, functionId) VALUES (67, 9, 9);
--insert into sec_function_role (id, roleId, functionId) VALUES (68, 9, 10);
--insert into sec_function_role (id, roleId, functionId) VALUES (69, 9, 11);
--insert into sec_function_role (id, roleId, functionId) VALUES (70, 9, 16);
---- parent_ro
--insert into sec_function_role (id, roleId, functionId) VALUES (71, 10, 2);
--insert into sec_function_role (id, roleId, functionId) VALUES (72, 10, 16);
---- parent_rw
--insert into sec_function_role (id, roleId, functionId) VALUES (73, 11, 2);
--insert into sec_function_role (id, roleId, functionId) VALUES (74, 11, 16);
---- first_aid
--insert into sec_function_role (id, roleId, functionId) VALUES (75, 12, 2);
--insert into sec_function_role (id, roleId, functionId) VALUES (76, 12, 16);
---- statistics_scorer
--insert into sec_function_role (id, roleId, functionId) VALUES (77, 13, 1);
--insert into sec_function_role (id, roleId, functionId) VALUES (78, 13, 2);
--insert into sec_function_role (id, roleId, functionId) VALUES (79, 13, 5);
--insert into sec_function_role (id, roleId, functionId) VALUES (80, 13, 15);
--insert into sec_function_role (id, roleId, functionId) VALUES (81, 13, 16);
--
--
---- location
--create table location
--(
--	id int auto_increment primary key,
--	name varchar(255) null,
--	gid int null
--);
--
--create index name_idx on location (name);
--create index group_id_idx on location (gid);
--
---- competition
--alter table competition add loocationId int null;
--alter table competition add gid int null;
--create index group_id_idx on competition (gid);
--
---- club
--alter table club add gid int null;
--create index group_id_idx on club (gid);
--
---- team
--alter table team add gid int null;
--create index group_id_idx on team (gid);
--
---- player
--alter table player add gid int null;
--create index group_id_idx on player (gid);
--
---- match
--alter table `match` add gid int null;
--create index group_id_idx on `match` (gid);
--
---- user
--alter table `user` add gid int null;
--create index group_id_idx on `user` (gid);